binary,addr,selector,name,source
libcrane.dylib,0x1437C,crane_unregisterFromNotificationsIfNeededForContainerIdentifier:ofApplicationWithIdentifier:,,objc_methname
libcrane.dylib,0x143D9,crane_switchBadgesOfContainerWithIdentifier:andContainerWithIdentifier:ofApplicationWithIdentifier:,,objc_methname
libcrane.dylib,0x1443D,crane_resetBadgeOfContainerWithIdentifier:ofApplicationWithIdentifier:,,objc_methname
libcrane.dylib,0x149AE,_cranehelperdGlobalXpcConnection,,objc_methname
libcrane.dylib,0x14AF8,crane_presentLibSandyNotWorkingError,,objc_methname
libcrane.dylib,0x14B1D,crane_presentDaemonErrorWithBrokenDaemons:error:connectionWorks:,,objc_methname
libcrane.dylib,0x14B5E,crane_presentMainDylibNotLoadedErrorForAppName:,,objc_methname
libcrane.dylib,0x14B8E,crane_presentApsdRegistrationErrorForAppId:,,objc_methname
libcrane.dylib,0x14BBA,crane_presentPkdRegistrationErrorForAppId:,,objc_methname
libcrane.dylib,,,CRHGlobalServiceProtocol,classname
libcrane.dylib,,,CraneManager,classname
cranehelperd,0x10000DFA2,crane_getIdentifier:ofType:forVendorName:andBundleIdentifier:,,objc_methname
cranehelperd,0x10000DFE0,crane_setIdentifier:ofType:forVendorName:andBundleIdentifier:,,objc_methname
cranehelperd,,,CRHGlobalService,classname
cranehelperd,,,CRHGlobalServiceDelegate,classname
cranehelperd,,,CRHGlobalServiceProtocol,classname
cranehelperd,,,CRHKeychain,classname
cranehelperd,,,CRHPreferencesService,classname
cranehelperd,,,CRHPreferencesServiceDelegate,classname
cranehelperd,,,CRHPreferencesServiceProtocol,classname
cranehelperd,,,CRHServiceShared,classname
CraneShortcuts(iOS18),,,CraneIntentHandlerShared,classname
