binary,registration_fn,registration_addr,registration_file,hook_api,target_class,target_selector,hook_impl,orig_storage,hook_calls_orig,hook_impl_file
CraneSB.dylib,sub_14D18,0x14d18,decompile/14D18.c,MSHookMessageEx,SBUIActionView,sbh_isSystemShortcut,sub_15D00,off_2D438,True,decompile/15D00.c
CraneSB.dylib,sub_14D18,0x14d18,decompile/14D18.c,MSHookMessageEx,SBUIActionView,sbh_shortcutSection,sub_15D8C,off_2D440,True,decompile/15D8C.c
CraneSB.dylib,sub_14D18,0x14d18,decompile/14D18.c,MSHookMessageEx,SBUIActionView,applicationShortcutItems,sub_15E20,off_2D448,True,decompile/15E20.c
CraneSB.dylib,sub_14D18,0x14d18,decompile/14D18.c,MSHookMessageEx,SBUIActionView,contextMenuInteraction:configurationForMenuAtLocation:,sub_1611C,off_2D450,True,decompile/1611C.c
CraneSB.dylib,sub_14D18,0x14d18,decompile/14D18.c,MSHookMessageEx,SBUIActionView,_configureCell:inCollectionView:atIndexPath:forElement:section:size:,sub_1621C,off_2D458,False,decompile/1621C.c
CraneSB.dylib,sub_14D18,0x14d18,decompile/14D18.c,MSHookMessageEx,SBUIActionView,_configureCell:forElement:section:size:,sub_16398,off_2D460,False,decompile/16398.c
CraneSB.dylib,sub_14D18,0x14d18,decompile/14D18.c,MSHookMessageEx,SBUIActionView,_configureCell:forElement:section:,sub_164A8,off_2D468,False,decompile/164A8.c
CraneSB.dylib,sub_14D18,0x14d18,decompile/14D18.c,MSHookMessageEx,SBUIActionView,_interfaceActionGroupForActions:,sub_16598,off_2D470,True,decompile/16598.c
CraneSB.dylib,sub_14D18,0x14d18,decompile/14D18.c,MSHookMessageEx,SBUIActionView,initWithMenu:overrideChildren:,sub_166B0,off_2D478,False,decompile/166B0.c
CraneSB.dylib,sub_14D18,0x14d18,decompile/14D18.c,MSHookMessageEx,SBUIActionView,initWithAction:,sub_16820,off_2D480,False,decompile/16820.c
CraneSB.dylib,sub_14D18,0x14d18,decompile/14D18.c,MSHookMessageEx,SBUIActionView,dismissAnimated:withCompletionHandler:,sub_151E4,qword_2D408,True,decompile/151E4.c
CraneSB.dylib,sub_14D18,0x14d18,decompile/14D18.c,MSHookMessageEx,SBUIActionView,init,sub_15204,off_2D410,True,decompile/15204.c
CraneSB.dylib,sub_14D18,0x14d18,decompile/14D18.c,MSHookMessageEx,SBUIActionView,setHighlighted:,sub_15240,off_2D418,True,decompile/15240.c
CraneSB.dylib,sub_14D18,0x14d18,decompile/14D18.c,MSHookMessageEx,SBUIActionView,_setupSubviews,sub_152B8,off_2D420,True,decompile/152B8.c
CraneSB.dylib,sub_14D18,0x14d18,decompile/14D18.c,MSHookMessageEx,SBUIActionView,setBackgroundColor:,sub_15490,off_2D428,True,decompile/15490.c
CraneSB.dylib,sub_14D18,0x14d18,decompile/14D18.c,MSHookMessageEx,SBUIActionView,_actionFromApplicationShortcutItem:,sub_1555C,off_2D430,True,decompile/1555C.c
CraneSB.dylib,sub_14D18,0x14d18,decompile/14D18.c,class_addMethod,SBUIActionView,crane_provideContainerOptions,sub_13338,v13,False,decompile/13338.c
CraneSB.dylib,sub_14D18,0x14d18,decompile/14D18.c,class_addMethod,SBUIActionView,setCrane_provideContainerOptions:,sub_13390,v13,False,decompile/13390.c
CraneSB.dylib,sub_14D18,0x14d18,decompile/14D18.c,class_addMethod,SBUIActionView,crane_isSeparator,sub_13420,v13,False,decompile/13420.c
CraneSB.dylib,sub_14D18,0x14d18,decompile/14D18.c,class_addMethod,SBUIActionView,setCrane_isSeparator:,sub_13478,v13,False,decompile/13478.c
CraneSB.dylib,sub_169F0,0x169f0,decompile/169F0.c,MSHookMessageEx,SBUIAppIconForceTouchControllerDataProvider,applicationShortcutItems,sub_170A4,off_2D490,True,decompile/170A4.c
CraneSB.dylib,sub_169F0,0x169f0,decompile/169F0.c,class_addMethod,SBUIAppIconForceTouchControllerDataProvider,craneContainersApplicationShortcutItems,sub_16A90,types,False,decompile/16A90.c
CraneSB.dylib,_initRunningboarddErrorAlertHooks,0x17620,decompile/17620.c,MSHookMessageEx,UNSUserNotificationServerConnectionListener,listener:shouldAcceptNewConnection:,sub_17768,off_2D498,True,decompile/17768.c
CraneSB.dylib,_initRunningboarddErrorAlertHooks,0x17620,decompile/17620.c,class_addMethod,UNSUserNotificationServerConnectionListener,crane_presentLibSandyNotWorkingError,j__crane_presentLibSandyNotWorkingError,types,False,
CraneSB.dylib,_initRunningboarddErrorAlertHooks,0x17620,decompile/17620.c,class_addMethod,UNSUserNotificationServerConnectionListener,crane_presentDaemonErrorWithBrokenDaemons:error:connectionWorks:,sub_177D0,types,False,decompile/177D0.c
CraneSB.dylib,_initRunningboarddErrorAlertHooks,0x17620,decompile/17620.c,class_addMethod,UNSUserNotificationServerConnectionListener,crane_presentMainDylibNotLoadedErrorForAppName:,sub_17814,types,False,decompile/17814.c
CraneSB.dylib,_initRunningboarddErrorAlertHooks,0x17620,decompile/17620.c,class_addMethod,UNSUserNotificationServerConnectionListener,crane_presentApsdRegistrationErrorForAppId:,sub_1781C,types,False,decompile/1781C.c
CraneSB.dylib,_initRunningboarddErrorAlertHooks,0x17620,decompile/17620.c,class_addMethod,UNSUserNotificationServerConnectionListener,crane_presentPkdRegistrationErrorForAppId:,sub_17824,types,False,decompile/17824.c
CraneSB.dylib,_crane_initSpringBoard,0x17a14,decompile/17A14.c,MSHookMessageEx,FBProcessManager,_bootstrapProcessWithExecutionContext:synchronously:error:,sub_17DF4,off_2D4A0,True,decompile/17DF4.c
CraneSB.dylib,_crane_initSpringBoard,0x17a14,decompile/17A14.c,MSHookMessageEx,FBProcessManager,_createProcessWithExecutionContext:,sub_17F14,off_2D4A8,True,decompile/17F14.c
CraneSB.dylib,_crane_initSpringBoard,0x17a14,decompile/17A14.c,MSHookMessageEx,FBProcessManager,createApplicationProcessForBundleID:withExecutionContext:,sub_1801C,off_2D4B0,True,decompile/1801C.c
CraneSB.dylib,_crane_initSpringBoard,0x17a14,decompile/17A14.c,MSHookMessageEx,FBProcessManager,_launchFromIconView:,sub_18354,off_2D4B8,True,decompile/18354.c
CraneSB.dylib,_crane_initSpringBoard,0x17a14,decompile/17A14.c,MSHookMessageEx,FBProcessManager,_launchFromIconView:withActions:,sub_18580,off_2D4C0,True,decompile/18580.c
CraneSB.dylib,_crane_initSpringBoard,0x17a14,decompile/17A14.c,MSHookMessageEx,FBProcessManager,_launchFromIconView:withActions:modifierFlags:,sub_18710,off_2D4C8,True,decompile/18710.c
CraneSB.dylib,_crane_initSpringBoard,0x17a14,decompile/17A14.c,class_addMethod,FBProcessManager,crane_containerIdentifier,sub_17D28,types,False,decompile/17D28.c
CraneSB.dylib,_crane_initSpringBoard,0x17a14,decompile/17A14.c,class_addMethod,FBProcessManager,crane_applyModificationsIfNeededToExecutionContext:withApplicationIdentifier:,sub_180F0,types,False,decompile/180F0.c
CraneSB.dylib,_crane_initSpringBoard,0x17a14,decompile/17A14.c,class_addMethod,FBProcessManager,crane_registerInjectionCheckForProcess:toBeLaunchedIntoContainer:,sub_18238,types,False,decompile/18238.c
CraneSB.dylib,_crane_initRunningBoardd,0x1bf10,decompile/1BF10.c,MSHookMessageEx,RBProcessManager,executeLaunchRequest:withError:,sub_1BF74,off_2D938,True,decompile/1BF74.c
CraneSB.dylib,_crane_initRunningBoardd,0x1bf10,decompile/1BF10.c,MSHookMessageEx,RBProcessManager,_executeLaunchRequest:withError:,sub_1BFEC,off_2D940,True,decompile/1BFEC.c
CraneSB.dylib,_initCRBadgeContextMenuActionView,0x7f58,decompile/7F58.c,MSHookMessageEx,SBApplicationIcon,valueForUndefinedKey:,sub_84A0,off_2D1B0,True,decompile/84A0.c
CraneSB.dylib,_initCRBadgeContextMenuActionView,0x7f58,decompile/7F58.c,MSHookMessageEx,SBApplicationIcon,updateConstraints,sub_9214,off_2D1B8,True,decompile/9214.c
CraneSB.dylib,_initCRBadgeContextMenuActionView,0x7f58,decompile/7F58.c,MSHookMessageEx,SBApplicationIcon,layoutSubviews,sub_9360,off_2D1C0,True,decompile/9360.c
CraneSB.dylib,_initCRBadgeContextMenuActionView,0x7f58,decompile/7F58.c,class_addMethod,SBApplicationIcon,text,sub_7E80,v8,False,decompile/7E80.c
CraneSB.dylib,_initCRBadgeContextMenuActionView,0x7f58,decompile/7F58.c,class_addMethod,SBApplicationIcon,setText:,sub_7E8C,v8,False,decompile/7E8C.c
CraneSB.dylib,_initCRBadgeContextMenuActionView,0x7f58,decompile/7F58.c,class_addMethod,SBApplicationIcon,badgeView,sub_7EC8,v8,False,decompile/7EC8.c
CraneSB.dylib,_initCRBadgeContextMenuActionView,0x7f58,decompile/7F58.c,class_addMethod,SBApplicationIcon,setBadgeView:,sub_7ED4,v8,False,decompile/7ED4.c
CraneSB.dylib,_initCRBadgeContextMenuActionView,0x7f58,decompile/7F58.c,class_addMethod,SBApplicationIcon,associatedApplicationID,sub_7F10,v8,False,decompile/7F10.c
CraneSB.dylib,_initCRBadgeContextMenuActionView,0x7f58,decompile/7F58.c,class_addMethod,SBApplicationIcon,setAssociatedApplicationID:,sub_7F1C,v8,False,decompile/7F1C.c
CraneSB.dylib,InitFunc_0,0x9684,decompile/9684.c,MSHookMessageEx,SBAlertItem,configure:requirePasscodeForActions:,sub_9A60,unk_2D200,False,decompile/9A60.c
CraneSB.dylib,InitFunc_0,0x9684,decompile/9684.c,MSHookMessageEx,SBAlertItem,reappearsAfterUnlock,sub_9DA4,unk_2D208,False,decompile/9DA4.c
CraneSB.dylib,InitFunc_0,0x9684,decompile/9684.c,class_addMethod,SBAlertItem,errorTitle,sub_94C4,types,False,decompile/94C4.c
CraneSB.dylib,InitFunc_0,0x9684,decompile/9684.c,class_addMethod,SBAlertItem,setErrorTitle:,sub_94D0,types,False,decompile/94D0.c
CraneSB.dylib,InitFunc_0,0x9684,decompile/9684.c,class_addMethod,SBAlertItem,errorMessage,sub_950C,v12,False,decompile/950C.c
CraneSB.dylib,InitFunc_0,0x9684,decompile/9684.c,class_addMethod,SBAlertItem,setErrorMessage:,sub_9518,v12,False,decompile/9518.c
CraneSB.dylib,InitFunc_0,0x9684,decompile/9684.c,class_addMethod,SBAlertItem,actions,sub_9554,v11,False,decompile/9554.c
CraneSB.dylib,InitFunc_0,0x9684,decompile/9684.c,class_addMethod,SBAlertItem,setActions:,sub_9560,v11,False,decompile/9560.c
CraneSB.dylib,InitFunc_0,0x9684,decompile/9684.c,class_addMethod,SBAlertItem,crane_reappearsAfterUnlock,sub_959C,v10,False,decompile/959C.c
CraneSB.dylib,InitFunc_0,0x9684,decompile/9684.c,class_addMethod,SBAlertItem,setCrane_reappearsAfterUnlock:,sub_95F4,v10,False,decompile/95F4.c
CraneSB.dylib,InitFunc_1,0x9e08,decompile/9E08.c,MSHookMessageEx,SBAlertItem,configure:requirePasscodeForActions:,sub_9F8C,unk_2D210,False,decompile/9F8C.c
CraneSB.dylib,InitFunc_1,0x9e08,decompile/9E08.c,class_addMethod,SBAlertItem,applicationID,sub_9DC0,types,False,decompile/9DC0.c
CraneSB.dylib,InitFunc_1,0x9e08,decompile/9E08.c,class_addMethod,SBAlertItem,setApplicationID:,sub_9DCC,types,False,decompile/9DCC.c
CraneSB.dylib,_initNotificationSupport,0xcbec,decompile/CBEC.c,MSHookMessageEx,UNSNotificationRecord,un_applicationBundleIdentifier,sub_D958,off_2D248,True,decompile/D958.c
CraneSB.dylib,_initNotificationSupport,0xcbec,decompile/CBEC.c,MSHookMessageEx,UNSNotificationRecord,requestTokenForRemoteNotificationsForBundleIdentifier:withCompletionHandler:,sub_DA30,off_2D250,True,decompile/DA30.c
CraneSB.dylib,_initNotificationSupport,0xcbec,decompile/CBEC.c,MSHookMessageEx,UNSNotificationRecord,invalidateTokenForRemoteNotificationsForBundleIdentifier:,sub_DC5C,off_2D258,True,decompile/DC5C.c
CraneSB.dylib,_initNotificationSupport,0xcbec,decompile/CBEC.c,MSHookMessageEx,UNSNotificationRecord,sourceDescriptionWithBundleIdentifier:,sub_DE54,off_2D260,True,decompile/DE54.c
CraneSB.dylib,_initNotificationSupport,0xcbec,decompile/CBEC.c,MSHookMessageEx,UNSNotificationRecord,requestTokenForRemoteNotificationsForBundleIdentifier:withCompletionHandler:,sub_DF68,off_2D270,True,decompile/DF68.c
CraneSB.dylib,_initNotificationSupport,0xcbec,decompile/CBEC.c,MSHookMessageEx,UNSNotificationRecord,invalidateTokenForRemoteNotificationsForBundleIdentifier:,sub_E194,off_2D278,True,decompile/E194.c
CraneSB.dylib,_initNotificationSupport,0xcbec,decompile/CBEC.c,MSHookMessageEx,UNSNotificationRecord,_queue_connection:didReceiveToken:forTopic:identifier:,sub_E2C4,off_2D280,True,decompile/E2C4.c
CraneSB.dylib,_initNotificationSupport,0xcbec,decompile/CBEC.c,MSHookMessageEx,UNSNotificationRecord,_queue_isContentAvailableRemoteNotificationSupportedForBundleIdentifier:,sub_E448,off_2D288,True,decompile/E448.c
CraneSB.dylib,_initNotificationSupport,0xcbec,decompile/CBEC.c,MSHookMessageEx,UNSNotificationRecord,_queue_isBackgroundAppRefreshAllowedForBundleIdentifier:,sub_E4DC,off_2D290,True,decompile/E4DC.c
CraneSB.dylib,_initNotificationSupport,0xcbec,decompile/CBEC.c,MSHookMessageEx,UNSNotificationRecord,_queue_isUserNotificationEnabledForApplication:,sub_E570,off_2D298,True,decompile/E570.c
CraneSB.dylib,_initNotificationSupport,0xcbec,decompile/CBEC.c,MSHookMessageEx,UNSNotificationRecord,_queue_isApplicationForeground:,sub_E604,off_2D2A0,True,decompile/E604.c
CraneSB.dylib,_initNotificationSupport,0xcbec,decompile/CBEC.c,MSHookMessageEx,UNSNotificationRecord,title,sub_E730,off_2D2B0,True,decompile/E730.c
CraneSB.dylib,_initNotificationSupport,0xcbec,decompile/CBEC.c,MSHookMessageEx,UNSNotificationRecord,containsObject:,sub_E94C,off_2D2B8,True,decompile/E94C.c
CraneSB.dylib,_initNotificationSupport,0xcbec,decompile/CBEC.c,MSHookMessageEx,UNSNotificationRecord,uns_isAllowedToRequestUserNotificationsForBundleIdentifier:,sub_EA50,off_2D2C0,True,decompile/EA50.c
CraneSB.dylib,_initNotificationSupport,0xcbec,decompile/CBEC.c,MSHookMessageEx,UNSNotificationRecord,_queue_allTopicsForApplication:,sub_EBA0,off_2D2C8,True,decompile/EBA0.c
CraneSB.dylib,_initNotificationSupport,0xcbec,decompile/CBEC.c,MSHookMessageEx,UNSNotificationRecord,connection:didReceiveIncomingMessage:,sub_EDF4,off_2D2D0,True,decompile/EDF4.c
CraneSB.dylib,_initNotificationSupport,0xcbec,decompile/CBEC.c,MSHookMessageEx,UNSNotificationRecord,_queue_tryToModifyNotificationRequest:bundleIdentifier:message:enforcePushType:,sub_EF84,off_2D2D8,False,decompile/EF84.c
CraneSB.dylib,_initNotificationSupport,0xcbec,decompile/CBEC.c,MSHookMessageEx,UNSNotificationRecord,_queue_tryToModifyNotificationRequest:bundleIdentifier:message:,sub_F094,off_2D2E0,False,decompile/F094.c
CraneSB.dylib,_initNotificationSupport,0xcbec,decompile/CBEC.c,MSHookMessageEx,UNSNotificationRecord,notificationSourcesDidUninstall:,sub_F19C,off_2D2E8,False,decompile/F19C.c
CraneSB.dylib,_initNotificationSupport,0xcbec,decompile/CBEC.c,MSHookMessageEx,UNSNotificationRecord,applicationsDidUninstall:,sub_F1F8,off_2D2F0,False,decompile/F1F8.c
CraneSB.dylib,_initNotificationSupport,0xcbec,decompile/CBEC.c,MSHookMessageEx,UNSNotificationRecord,saveNotificationRecord:shouldRepost:forBundleIdentifier:withCompletionHandler:,sub_F254,off_2D2F8,True,decompile/F254.c
CraneSB.dylib,_initNotificationSupport,0xcbec,decompile/CBEC.c,MSHookMessageEx,UNSNotificationRecord,removeNotificationRecordsPassingTest:forBundleIdentifier:,sub_F398,off_2D300,True,decompile/F398.c
CraneSB.dylib,_initNotificationSupport,0xcbec,decompile/CBEC.c,MSHookMessageEx,UNSNotificationRecord,removeAllNotificationRecordsForBundleIdentifier:,sub_F524,off_2D308,True,decompile/F524.c
CraneSB.dylib,_initNotificationSupport,0xcbec,decompile/CBEC.c,MSHookMessageEx,UNSNotificationRecord,notificationRecordForForIdentifier:bundleIdentifier:,sub_F59C,off_2D310,True,decompile/F59C.c
CraneSB.dylib,_initNotificationSupport,0xcbec,decompile/CBEC.c,MSHookMessageEx,UNSNotificationRecord,notificationRecordsForBundleIdentifier:,sub_F750,off_2D318,True,decompile/F750.c
CraneSB.dylib,_initNotificationSupport,0xcbec,decompile/CBEC.c,MSHookMessageEx,UNSNotificationRecord,notificationRecordsForBundleIdentifier:withCompletionHandler:,sub_FA20,off_2D320,True,decompile/FA20.c
CraneSB.dylib,_initNotificationSupport,0xcbec,decompile/CBEC.c,MSHookMessageEx,UNSNotificationRecord,_queue_setBadgeNumber:forBundleIdentifier:withCompletionHandler:,sub_FBB4,off_2D328,False,decompile/FBB4.c
CraneSB.dylib,_initNotificationSupport,0xcbec,decompile/CBEC.c,MSHookMessageEx,UNSNotificationRecord,_setBadgeNumber:forBundleIdentifier:withCompletionHandler:,sub_FCA8,off_2D330,False,decompile/FCA8.c
CraneSB.dylib,_initNotificationSupport,0xcbec,decompile/CBEC.c,MSHookMessageEx,UNSNotificationRecord,setBadgeNumber:forBundleIdentifier:withCompletionHandler:,sub_FD9C,off_2D338,True,decompile/FD9C.c
CraneSB.dylib,_initNotificationSupport,0xcbec,decompile/CBEC.c,MSHookMessageEx,UNSNotificationRecord,_queue_saveNotificationRecord:targetRevisionNumber:shouldRepost:withOptions:forBundleIdentifier:,sub_FF30,off_2D340,False,decompile/FF30.c
CraneSB.dylib,_initNotificationSupport,0xcbec,decompile/CBEC.c,MSHookMessageEx,UNSNotificationRecord,_queue_saveNotificationRecord:shouldRepost:withOptions:forBundleIdentifier:,sub_10050,off_2D348,False,decompile/10050.c
CraneSB.dylib,_initNotificationSupport,0xcbec,decompile/CBEC.c,MSHookMessageEx,UNSNotificationRecord,_queue_saveNotificationRecord:withOptions:forBundleIdentifier:,sub_10138,off_2D350,False,decompile/10138.c
CraneSB.dylib,_initNotificationSupport,0xcbec,decompile/CBEC.c,MSHookMessageEx,UNSNotificationRecord,isApplicationForeground:,sub_10218,off_2D358,True,decompile/10218.c
CraneSB.dylib,_initNotificationSupport,0xcbec,decompile/CBEC.c,MSHookMessageEx,UNSNotificationRecord,_deliverMessage:,sub_10350,off_2D360,True,decompile/10350.c
CraneSB.dylib,_initNotificationSupport,0xcbec,decompile/CBEC.c,MSHookMessageEx,UNSNotificationRecord,_addNotificationRequests:forBundleIdentifier:withCompletionHandler:,sub_104AC,off_2D368,True,decompile/104AC.c
CraneSB.dylib,_initNotificationSupport,0xcbec,decompile/CBEC.c,MSHookMessageEx,UNSNotificationRecord,_saveNotificationRequest:shouldRepost:forBundleIdentifier:withCompletionHandler:,sub_1072C,off_2D370,True,decompile/1072C.c
CraneSB.dylib,_initNotificationSupport,0xcbec,decompile/CBEC.c,MSHookMessageEx,UNSNotificationRecord,_saveNotificationRequest:shouldRepost:deliveredDate:forBundleIdentifier:withCompletionHandler:,sub_108F4,off_2D378,True,decompile/108F4.c
CraneSB.dylib,_initNotificationSupport,0xcbec,decompile/CBEC.c,MSHookMessageEx,UNSNotificationRecord,getPendingNotificationRequestsForBundleIdentifier:withCompletionHandler:,sub_10D10,off_2D380,True,decompile/10D10.c
CraneSB.dylib,_initNotificationSupport,0xcbec,decompile/CBEC.c,MSHookMessageEx,UNSNotificationRecord,removePendingNotificationRequestsWithIdentifiers:forBundleIdentifier:completionHandler:,sub_10EA4,off_2D388,False,decompile/10EA4.c
CraneSB.dylib,_initNotificationSupport,0xcbec,decompile/CBEC.c,MSHookMessageEx,UNSNotificationRecord,removePendingNotificationRequestsWithIdentifiers:forBundleIdentifier:,sub_10F94,off_2D390,False,decompile/10F94.c
CraneSB.dylib,_initNotificationSupport,0xcbec,decompile/CBEC.c,MSHookMessageEx,UNSNotificationRecord,removeAllPendingNotificationRequestsForBundleIdentifier:completionHandler:,sub_11044,off_2D398,False,decompile/11044.c
CraneSB.dylib,_initNotificationSupport,0xcbec,decompile/CBEC.c,MSHookMessageEx,UNSNotificationRecord,removeAllPendingNotificationRequestsForBundleIdentifier:,sub_11110,off_2D3A0,False,decompile/11110.c
CraneSB.dylib,_initNotificationSupport,0xcbec,decompile/CBEC.c,MSHookMessageEx,UNSNotificationRecord,_queue_bulletinForNotification:,sub_1119C,off_2D3A8,True,decompile/1119C.c
CraneSB.dylib,_initNotificationSupport,0xcbec,decompile/CBEC.c,MSHookMessageEx,UNSNotificationRecord,handleBulletinActionResponse:withCompletion:,sub_11420,off_2D3B0,True,decompile/11420.c
CraneSB.dylib,_initNotificationSupport,0xcbec,decompile/CBEC.c,MSHookMessageEx,UNSNotificationRecord,mutateContentForNotificationRequest:error:,sub_115F4,off_2D3B8,True,decompile/115F4.c
CraneSB.dylib,_initNotificationSupport,0xcbec,decompile/CBEC.c,MSHookMessageEx,UNSNotificationRecord,isSimilar:,sub_11884,off_2D3C0,True,decompile/11884.c
CraneSB.dylib,_initNotificationSupport,0xcbec,decompile/CBEC.c,MSHookMessageEx,UNSNotificationRecord,setProtocol:,sub_11AF8,off_2D3C8,True,decompile/11AF8.c
CraneSB.dylib,_initNotificationSupport,0xcbec,decompile/CBEC.c,class_addMethod,UNSNotificationRecord,crane_unregisterFromNotificationsIfNeededForContainerIdentifier:ofApplicationWithIdentifier:,sub_10AD8,types,False,decompile/10AD8.c
CraneSB.dylib,_initNotificationSupport,0xcbec,decompile/CBEC.c,class_addMethod,UNSNotificationRecord,crane_switchBadgesOfContainerWithIdentifier:andContainerWithIdentifier:ofApplicationWithIdentifier:,sub_10BEC,types,False,decompile/10BEC.c
CraneSB.dylib,_initNotificationSupport,0xcbec,decompile/CBEC.c,class_addMethod,UNSNotificationRecord,crane_resetBadgeOfContainerWithIdentifier:ofApplicationWithIdentifier:,sub_10CB0,types,False,decompile/10CB0.c
CraneSB.dylib,_initNotificationSupport,0xcbec,decompile/CBEC.c,class_addMethod,UNSNotificationRecord,crane_copyWithoutContainerID,sub_1172C,types,False,decompile/1172C.c
CraneSB.dylib,_initNotificationSupport,0xcbec,decompile/CBEC.c,class_addMethod,UNSNotificationRecord,crane_copyWithoutContainerID,sub_11984,types,False,decompile/11984.c
CraneSupport.dylib,_initCraneProxy,0x6c40,decompile/6C40.c,MSHookFunction,,_xpc_connection_set_event_handler,_xpc_connection_set_event_handler,__xpc_connection_set_event_handler,False,
CraneSupport.dylib,_initAccountsd,0x7200,decompile/7200.c,MSHookMessageEx,ACDDatabase,initWithClient:databaseConnection:,sub_7AE8,off_22D30,True,decompile/7AE8.c
CraneSupport.dylib,_initAccountsd,0x7200,decompile/7200.c,MSHookMessageEx,ACDDatabase,_sharedPersistentCoordinatorForStoreAtPath:,sub_8104,off_22D48,True,decompile/8104.c
CraneSupport.dylib,_initAccountsd,0x7200,decompile/7200.c,MSHookMessageEx,ACDDatabase,initWithClient:,sub_8204,off_22D50,True,decompile/8204.c
CraneSupport.dylib,_initAccountsd,0x7200,decompile/7200.c,class_addMethod,ACDDatabase,crane_activeContainer,sub_6F4C,v16,False,decompile/6F4C.c
CraneSupport.dylib,_initAccountsd,0x7200,decompile/7200.c,class_addMethod,ACDDatabase,setCrane_activeContainer:,sub_6F58,v16,False,decompile/6F58.c
CraneSupport.dylib,_initAccountsd,0x7200,decompile/7200.c,class_addMethod,ACDDatabase,crane_storeCoordinatorsByContainerIdentifiers,sub_6F94,v15,False,decompile/6F94.c
CraneSupport.dylib,_initAccountsd,0x7200,decompile/7200.c,class_addMethod,ACDDatabase,setCrane_storeCoordinatorsByContainerIdentifiers:,sub_6FA0,v15,False,decompile/6FA0.c
CraneSupport.dylib,_initAccountsd,0x7200,decompile/7200.c,class_addMethod,ACDDatabase,crane_databasesByContainerIdentifiers,sub_6FDC,v15,False,decompile/6FDC.c
CraneSupport.dylib,_initAccountsd,0x7200,decompile/7200.c,class_addMethod,ACDDatabase,setCrane_databasesByContainerIdentifiers:,sub_6FE8,v15,False,decompile/6FE8.c
CraneSupport.dylib,_initApsd,0x9c4c,decompile/9C4C.c,MSHookMessageEx,APSCourierConnection,sendAppTokenGenerateMessageWithTopicHash:baseToken:appId:onInterface:,sub_9F84,off_22D90,True,decompile/9F84.c
CraneSupport.dylib,_initApsd,0x9c4c,decompile/9C4C.c,MSHookMessageEx,APSCourierConnection,sendTokenGenerateMessageWithTopicHash:baseToken:appId:expirationTTL:vapidPublicKeyHash:type:onInterface:,sub_A0B4,off_22D98,True,decompile/A0B4.c
CraneSupport.dylib,_initApsd,0x9c4c,decompile/9C4C.c,MSHookMessageEx,APSCourierConnection,connection:didRequestPerAppTokenForTopic:identifier:,sub_A308,off_22DA0,True,decompile/A308.c
CraneSupport.dylib,_initApsd,0x9c4c,decompile/9C4C.c,MSHookMessageEx,APSCourierConnection,connection:didRequestTokenForInfo:,sub_A4FC,off_22DA8,True,decompile/A4FC.c
CraneSupport.dylib,_initApsd,0x9c4c,decompile/9C4C.c,MSHookMessageEx,APSCourierConnection,_handleAppTokenGenerateResponse:onInterface:,sub_A758,off_22DB0,False,decompile/A758.c
CraneSupport.dylib,_initApsd,0x9c4c,decompile/9C4C.c,MSHookMessageEx,APSCourierConnection,_handleAppTokenGenerateResponse:onProtocolConnection:,sub_A7B4,off_22DB8,False,decompile/A7B4.c
CraneSupport.dylib,_initApsd,0x9c4c,decompile/9C4C.c,MSHookMessageEx,APSCourierConnection,_handleMessageMessage:onProtocolConnection:withGeneration:isWakingMessage:fromAgent:,sub_A860,off_22DC0,False,decompile/A860.c
CraneSupport.dylib,_initApsd,0x9c4c,decompile/9C4C.c,MSHookMessageEx,APSCourierConnection,_handleMessageMessage:onInterface:withGeneration:isWakingMessage:fromAgent:,sub_A930,off_22DC8,False,decompile/A930.c
CraneSupport.dylib,_initApsd,0x9c4c,decompile/9C4C.c,MSHookMessageEx,APSCourierConnection,_handleMessageMessage:onInterface:withGeneration:fromAgent:,sub_A994,off_22DD0,False,decompile/A994.c
CraneSupport.dylib,_initApsd,0x9c4c,decompile/9C4C.c,MSHookMessageEx,APSCourierConnection,_handleMessageMessage:onInterface:withGeneration:fromMaster:,sub_A9F4,off_22DD8,False,decompile/A9F4.c
CraneSupport.dylib,_initApsd,0x9c4c,decompile/9C4C.c,class_addMethod,APSCourierConnection,crane_topicStorage,sub_9680,types,False,decompile/9680.c
CraneSupport.dylib,_initApsd,0x9c4c,decompile/9C4C.c,class_addMethod,APSCourierConnection,setCrane_topicStorage:,sub_968C,types,False,decompile/968C.c
CraneSupport.dylib,_initHandleSourceMessage,0xb6e0,decompile/B6E0.c,MSHookMessageEx,CFPrefsDaemon,handleSourceMessage:replyHandler:,sub_B7EC,off_22DE0,False,decompile/B7EC.c
CraneSupport.dylib,_initHandleSourceMessage,0xb6e0,decompile/B6E0.c,MSHookFunction,,gHandleSourceMessageSym,handleSourceMessageHook_v2,handleSourceMessageHook_v2_orig,False,
CraneSupport.dylib,_initWithSourceForDomain,0xb848,decompile/B848.c,MSHookFunction,,gWithSourceForDomainHookSym,withSourceForDomainHook_v3,withSourceForDomainHook_v3_orig,False,
CraneSupport.dylib,_initContainermanagerd,0xcc88,decompile/CC88.c,MSHookMessageEx,MCMContainerFactory,containerForContainerIdentity:createIfNecessary:updateLinks:error:,sub_CE44,off_22E30,False,decompile/CE44.c
CraneSupport.dylib,_initContainermanagerd,0xcc88,decompile/CC88.c,MSHookMessageEx,MCMContainerFactory,containerForContainerIdentity:createIfNecessary:error:,sub_CF68,off_22E38,False,decompile/CF68.c
CraneSupport.dylib,_initContainermanagerd,0xcc88,decompile/CC88.c,MSHookMessageEx,MCMContainerFactory,groupContainerPathsForUser:clientConnection:identifier:withError:,sub_D2BC,off_22E58,True,decompile/D2BC.c
CraneSupport.dylib,_initLsd,0xd7d8,decompile/D7D8.c,MSHookMessageEx,_LSDDeviceIdentifierClient,setProtocol:,sub_D8E4,off_22E68,True,decompile/D8E4.c
CraneSupport.dylib,_initLsd,0xd7d8,decompile/D7D8.c,MSHookMessageEx,_LSDDeviceIdentifierClient,getIdentifierOfType:completionHandler:,sub_D9A4,off_22E70,True,decompile/D9A4.c
CraneSupport.dylib,_initLsd,0xd7d8,decompile/D7D8.c,class_addMethod,_LSDDeviceIdentifierClient,crane_getIdentifier:ofType:forVendorName:andBundleIdentifier:,sub_DC94,types,False,decompile/DC94.c
CraneSupport.dylib,_initLsd,0xd7d8,decompile/D7D8.c,class_addMethod,_LSDDeviceIdentifierClient,crane_setIdentifier:ofType:forVendorName:andBundleIdentifier:,sub_E0F4,types,False,decompile/E0F4.c
CraneSupport.dylib,_initPkd,0xf2b4,decompile/F2B4.c,MSHookMessageEx,PKDServer,enableForClient:environment:languages:oneShotUUID:persona:sandbox:pid:error:,sub_F768,off_22E98,False,decompile/F768.c
CraneSupport.dylib,_initPkd,0xf2b4,decompile/F2B4.c,MSHookMessageEx,PKDServer,enableForClient:environment:languages:oneShotUUID:pid:error:,sub_F964,off_22EA0,False,decompile/F964.c
CraneSupport.dylib,_initPkd,0xf2b4,decompile/F2B4.c,MSHookMessageEx,PKDServer,enableForClient:environment:oneShotUUID:pid:error:,sub_FAEC,off_22EA8,False,decompile/FAEC.c
CraneSupport.dylib,_initPkd,0xf2b4,decompile/F2B4.c,MSHookMessageEx,PKDServer,enableForClient:environment:,sub_FC3C,off_22EB0,False,decompile/FC3C.c
CraneSupport.dylib,_initPkd,0xf2b4,decompile/F2B4.c,MSHookMessageEx,PKDServer,matchPlugIns,sub_FD70,off_22EB8,True,decompile/FD70.c
CraneSupport.dylib,_initPkd,0xf2b4,decompile/F2B4.c,MSHookMessageEx,PKDServer,findPlugIns:,sub_FE8C,off_22EC0,False,decompile/FE8C.c
CraneSupport.dylib,_initPkd,0xf2b4,decompile/F2B4.c,MSHookMessageEx,PKDServer,findPlugIns:discoveryInstanceUUID:,sub_FF24,off_22EC8,False,decompile/FF24.c
CraneSupport.dylib,_initPkd,0xf2b4,decompile/F2B4.c,MSHookMessageEx,PKDServer,findPlugIns:discoveryInstanceUUID:allVersions:,sub_FFFC,off_22ED0,False,decompile/FFFC.c
CraneSupport.dylib,_initPkd,0xf2b4,decompile/F2B4.c,MSHookMessageEx,PKDServer,findPlugInsForQuery:discoveryInstanceUUID:allVersions:,sub_100E4,off_22ED8,False,decompile/100E4.c
CraneSupport.dylib,_initPkd,0xf2b4,decompile/F2B4.c,MSHookMessageEx,PKDServer,pluginsMatchingQuery:applyFilter:,sub_101CC,off_22EE0,True,decompile/101CC.c
CraneSupport.dylib,_initPkd,0xf2b4,decompile/F2B4.c,MSHookMessageEx,PKDServer,initWithConnection:queue:database:externalProviders:,sub_103F8,off_22EE8,False,decompile/103F8.c
CraneSupport.dylib,_initPkd,0xf2b4,decompile/F2B4.c,class_addMethod,PKDServer,crane_activeContainerID,sub_F12C,v9,False,decompile/F12C.c
CraneSupport.dylib,_initPkd,0xf2b4,decompile/F2B4.c,class_addMethod,PKDServer,setCrane_activeContainerID:,sub_F138,v9,False,decompile/F138.c
CranePrefs,_CRPContainerChoicyOverwriteListController_init,0x3f108,decompile/3F108.c,class_addMethod,CHPProcessConfigurationListController,containerIdentifier,sub_3F250,types,False,decompile/3F250.c
