binary,function,file,uses_CraneManager,uses_NSUserDefaults,reads,writes,all_cfstr
CraneSB.dylib,_notificationRedirectionEnabledForApp,decompile/1EB9C.c,True,False,notificationsSupportEnabled,,notificationsSupportEnabled; separateNotificationRegistrationsEnabled
CraneSB.dylib,_applicationShortcutsEnabled,decompile/1ECD8.c,True,False,applicationShortcutEnabled,,applicationShortcutEnabled
CraneSB.dylib,_launchApplicationOnContainerSelectionEnabled,decompile/1ED64.c,True,False,launchApplicationOnContainerSelectionEnabled,,launchApplicationOnContainerSelectionEnabled
CraneSB.dylib,_expandContainersShortcutEnabled,decompile/1EDE4.c,True,False,expandContainersShortcutEnabled,,expandContainersShortcutEnabled
CraneSB.dylib,_onlyShowIfContainersExistEnabled,decompile/1EE64.c,True,False,onlyShowIfContainersExistEnabled,,onlyShowIfContainersExistEnabled
CraneSB.dylib,_newContainerShortcutEnabled,decompile/1EEF0.c,True,False,newContainerShortcutEnabled,,newContainerShortcutEnabled
CraneSB.dylib,_showContainerNotificationBadgesEnabled,decompile/1EF7C.c,True,False,showContainerNotificationBadgesEnabled,,showContainerNotificationBadgesEnabled
CraneSupport.dylib,_apsd_notificationSupportEnabled,decompile/8D90.c,True,False,notificationsSupportEnabled,,notificationsSupportEnabled
CranePrefs,-[CRPContainerConfigurationListController specifiers],decompile/11734.c,True,False,notificationsSupportEnabled,,ACCESS_CONTAINER_SETTINGS_DESCRIPTION; ALLOW_NOTIFICATIONS; BACKUP_DATA_TO_FILE; BROWSE_DATA; CONTAINER_IDENTIFIER; CONTAINER_NAME; DEFAULT_CONTAINER_DESCRIPTION; DELETE_DATA; GAME_CENTER_ACCOUNT; GAME_CENTER_SECTION_FOOTER; GAME_CENTER_SECTION_HEADER; MANAGE_GAME_CENTER_ACCOUNTS; NOTIFICATIONS; NOTIFICATIONS_FOOTER; PROTECT_USING_BIOMETRICS; RESET_NOTIFICATION_REGISTRATION; RESTORE_DATA_FROM_BACKUP_FILE; applicationIdentifier; associatedGameCenterAccount; availableGameCenterAccountIdentifiers; availableGameCenterAccountNames; cellClass; containerIdentifier; default; enabled; filza://; footerText; gameCenterSupportEnabled; isCopyable; key; name; notificationsAllowed; notificationsSupportEnabled; requireBiometricAuthentication; separateNotificationRegistrationsEnabled; separateSystemAccountsEnabled; titlesDataSource; valuesDataSource
CranePrefs,-[CRPMultiBackupPresetListController loadPreferences],decompile/187F4.c,True,False,presets,,presets
CranePrefs,-[CRPNewBackupListController setSelectedPresetIdentifier:specifier:],decompile/1B710.c,True,False,presets,,containers; identifier; presets
CranePrefs,-[CRPPresetSelectionCell setValue:],decompile/1D2B0.c,True,False,presets,,identifier; name; presets
CranePrefs,-[CRPRootListController readPreferenceValue:],decompile/2074C.c,True,False,<var v5>,,default; key
CranePrefs,-[CRPApplicationConfigurationListController specifiers],decompile/8D00.c,True,False,notificationsSupportEnabled,,ACTIVE_CONTAINER; ADD; ALWAYS_ASK_ON_APP_LAUNCH; CONTAINERS; CONTAINER_PROTECTION; CONTAINER_PROTECTION_FOOTER; GAME_CENTER_SUPPORT; PREVENT_SANDBOX_LOOKUPS; PREVENT_SANDBOX_LOOKUPS_FOOTER; SEPARATE_NOTIFICATION_REGISTRATIONS; SEPARATE_NOTIFICATION_REGISTRATIONS_FOOTER; SEPARATE_SYSTEM_ACCOUNTS; SEPARATE_SYSTEM_ACCOUNTS_FOOTER; activeContainer; alwaysAskBeforeLaunchEnabled; applicationIdentifier; containerIdentifersForApplication; containerNamesForApplication; containerProtectionEnabled; default; enabled; footerText; gameCenterSupportEnabled; key; notificationsSupportEnabled; separateNotificationRegistrationsEnabled; separateSystemAccountsEnabled; spoofSandboxLookupsEnabled; titlesDataSource; valuesDataSource
