bundle,cell,label,prefs_key,default,defaults_domain,post_notification,action,detail_controller,setter
CranePrefs,PSLinkListCell,APPLICATIONS,,,,,,CRPApplicationListSubcontrollerController,
CranePrefs,PSSwitchCell,APP_SHORTCUT_ENABLED,applicationShortcutEnabled,True,com.opa334.craneprefs,com.opa334.craneprefs/ReloadPrefs,,,
CranePrefs,PSSwitchCell,LAUNCH_APPLICATION_ON_CONTAINER_SELECTION,launchApplicationOnContainerSelectionEnabled,False,com.opa334.craneprefs,com.opa334.craneprefs/ReloadPrefs,,,
CranePrefs,PSSwitchCell,EXPAND_CONTAINERS_SHORTCUT,expandContainersShortcutEnabled,False,com.opa334.craneprefs,com.opa334.craneprefs/ReloadPrefs,,,
CranePrefs,PSSwitchCell,SHOW_NEW_CONTAINER_OPTION,newContainerShortcutEnabled,True,com.opa334.craneprefs,com.opa334.craneprefs/ReloadPrefs,,,
CranePrefs,PSSwitchCell,ONLY_SHOW_IF_CONTAINERS_EXIST,onlyShowIfContainersExistEnabled,True,com.opa334.craneprefs,com.opa334.craneprefs/ReloadPrefs,,,
CranePrefs,PSSwitchCell,SHOW_CONTAINER_NOTIFICATION_BADGES,showContainerNotificationBadgesEnabled,True,com.opa334.craneprefs,com.opa334.craneprefs/ReloadPrefs,,,
CranePrefs,PSSwitchCell,NOTIFICATIONS_SUPPORT_ENABLED,notificationsSupportEnabled,True,com.opa334.craneprefs,com.opa334.craneprefs/ReloadPrefs,,,setNotificationsSupportEnabled:specifier:
CranePrefs,PSSwitchCell,SHOW_CONTAINER_IN_TITLE,showContainerInNotificationTitleEnabled,True,com.opa334.craneprefs,com.opa334.craneprefs/ReloadPrefs,,,
CranePrefs,PSButtonCell,CREATE_MULTI_CONTAINER_BACKUP,,,,,createMultiBackupTapped,,
CranePrefs,PSButtonCell,RESTORE_MULTI_CONTAINER_BACKUP,,,,,restoreMultiBackupTapped,,
CranePrefs,PSButtonCell,Crack by Repo BVN,,,,,openTwitter,,
CranePrefs,PSLinkListCell,CREDITS_AND_LICENSES,,,,,,CRPCreditsController,
CranePrefs,PSButtonCell,ZipArchive,,,,,zipArchiveLink,,
CranePrefs,PSLinkListCell,LICENSE,,,,,,CRPCreditsZipArchiveController,
CranePrefs,PSButtonCell,MiniZip,,,,,miniZipLink,,
CranePrefs,PSLinkListCell,LICENSE,,,,,,CRPCreditsMiniZipController,
CranePrefs,PSButtonCell,@Trithuc16,,,,,trithucLink,,
CranePrefs,PSButtonCell,@nvbik584,,,,,nvbikLink,,
CranePrefs,PSButtonCell,@Sn0wl3r0ker,,,,,sn0wl3r0kerLink,,
CranePrefs,PSButtonCell,@Torrekie,,,,,torrekieLink,,
CranePrefs,PSButtonCell,@Sn0wl3r0ker,,,,,sn0wl3r0kerLink,,
CranePrefs,PSButtonCell,@CySxL,,,,,cySxLLink,,
CranePrefs,PSButtonCell,@nzar1988,,,,,nzar1988Link,,
CranePrefs,PSButtonCell,@BwntyHntr,,,,,bwntyHntrLink,,
CranePrefs,PSButtonCell,@Vitalik2187836,,,,,Vitalik2187836Link,,
CranePrefs,PSButtonCell,@guezomri,,,,,guezomriLink,,
CranePrefs,PSButtonCell,@ian_dxx,,,,,ian_dxxLink,,
CranePrefs,PSButtonCell,rdaraujo,,,,,rdaraujoLink,,
CranePrefs,PSButtonCell,@frknvkilic,,,,,frknvkilicLink,,
CranePrefs,PSButtonCell,@RedenticDev,,,,,RedenticDevLink,,
